feature,shap_score,rank_shap,importance,rank_perm,lime_score,rank_lime,avg_rank
gt_covid_symptoms,5847.6353,2,3049.0439599506935,1,18562.500888096816,2,1.6666666666666667
positive_rate,13696.346,1,0.0,7,22178.210448243266,1,3.0
residential_mobility,812.58905,6,110.99252199432898,4,3973.990453795127,4,4.666666666666667
transit_mobility,1753.7192,3,260.6306334194988,3,1609.1284923370677,9,5.0
retail_mobility,918.8275,5,27.148238988476805,6,2208.1283067527597,6,5.666666666666667
windspeed,1365.2867,4,438.08464476564455,2,857.6370981957292,14,6.666666666666667
gt_loss_of_smell,65.57117,9,0.0,8,1539.944555556725,10,9.0
gt_loss_of_taste,0.0,10,0.0,9,0.0,17,12.0
